adam777 = adam777 <adam777>
ajung = Andreas Jung <yet@gmx.de>
alepisa = Alessandro Pisa <alessandro.pisa@redturtle.it>
b_mathieu = b_mathieu <b_mathieu>
cbosse = cbosse <cbosse>
clebeaupin = clebeaupin <clebeaupin@localhost>
dmunicio = Diego Municio <dmunicio@gmail.com>
erico_andrei = Érico Andrei <erico@simplesconsultoria.com.br>
erral = Mikel Larreategi <mlarreategi@codesyntax.com>
giacomos = Giacomo Spettoli <giacomo.spettoli@gmail.com>
glenfant = Gilles Lenfant <gilles.lenfant@gmail.com>
maikroeder = maikroeder <maikroeder@gmail.com>
mborch = Malthe Borch <mborch@gmail.com>
mehdi = mehdi <mehdi>
morphex = morphex <morphex>
naro = Radim Novotny <novotny.radim@gmail.com>
tarek = Tarek Ziade <tarek@ziade.org>
wid = wid <wid>
yboussard = Boussard <y.boussard@free.fr>
